scenario,trial,initial_records,tail_records,keys,value_bytes,last_lsn,snapshot_lsn,replayed_records,recovery_us,open_us,data_bytes
full_wal,1,10000,500,2000,128,10500,0,10500,12728,13078,1823251
snapshot_tail,1,10000,500,2000,128,10500,10000,500,2130,2224,383043
snapshot_tail,2,10000,500,2000,128,10500,10000,500,2128,2234,383043
full_wal,2,10000,500,2000,128,10500,0,10500,12065,12415,1823251
full_wal,3,10000,500,2000,128,10500,0,10500,11996,12348,1823251
snapshot_tail,3,10000,500,2000,128,10500,10000,500,2150,2243,383043
snapshot_tail,4,10000,500,2000,128,10500,10000,500,2123,2215,383043
full_wal,4,10000,500,2000,128,10500,0,10500,11991,12351,1823251
full_wal,5,10000,500,2000,128,10500,0,10500,11975,12345,1823251
snapshot_tail,5,10000,500,2000,128,10500,10000,500,2123,2216,383043
snapshot_tail,6,10000,500,2000,128,10500,10000,500,2119,2212,383043
full_wal,6,10000,500,2000,128,10500,0,10500,12077,12427,1823251
full_wal,7,10000,500,2000,128,10500,0,10500,12033,12384,1823251
snapshot_tail,7,10000,500,2000,128,10500,10000,500,2142,2237,383043
