timestamp_ms,revision,build_mode,os,arch,kernel,filesystem,storage_medium,topology,durability,replicas_configured,replicas_caught_up,clients,operations_requested,warmup_requested,read_ratio,keys,value_bytes,seed,elapsed_seconds,successful_ops,failed_ops,skipped_ops,read_ops,write_ops,read_misses,ops_per_second,avg_latency_ns,p50_latency_ns,p95_latency_ns,p99_latency_ns,server_cpu_percent,server_peak_rss_kib,data_bytes,wal_bytes,server_read_p99_us,server_read_lock_wait_p99_us,server_write_lock_hold_p99_us,server_wal_sync_avg_us,replica_catch_up_ms
1791100013611,"a5c431bf1f6be41389d7f8e8a360f3a8c30004da","release","linux","x86_64","6.17.0-1022-azure","ext4","ci-runner-disk","compare-head","fsync",1,true,32,20000,2000,0.9000,10000,128,1,0.439051,20000,0,0,17862,2138,0,45552.82,675964,407571,2905781,4124780,113.88,9552,2532590,2532503,221,221,66,267,50.3
1791100025862,"a5c431bf1f6be41389d7f8e8a360f3a8c30004da","release","linux","x86_64","6.17.0-1022-azure","ext4","ci-runner-disk","compare-head","fsync",1,true,32,20000,2000,0.5000,10000,128,1,0.661216,20000,0,0,10380,9620,0,30247.28,1030838,640828,2507036,3529655,107.38,11712,3970762,3970675,263,263,132,259,50.3
1791100041510,"a5c431bf1f6be41389d7f8e8a360f3a8c30004da","release","linux","x86_64","6.17.0-1022-azure","ext4","ci-runner-disk","compare-head","fsync",1,true,32,20000,2000,0.1000,10000,128,1,0.906848,20000,0,0,1965,18035,0,22054.41,1433129,1427960,2273369,3941177,101.45,13912,5557686,5557599,263,263,156,252,50.3
1791100045839,"a5c431bf1f6be41389d7f8e8a360f3a8c30004da","release","linux","x86_64","6.17.0-1022-azure","ext4","ci-runner-disk","compare-head","fsync",1,true,32,20000,2000,0.9000,10000,128,2,0.497017,20000,0,0,18293,1707,0,40240.05,748390,475149,2800275,4706429,106.64,9352,2462325,2462238,441,441,66,265,50.3
1791100055330,"a5c431bf1f6be41389d7f8e8a360f3a8c30004da","release","linux","x86_64","6.17.0-1022-azure","ext4","ci-runner-disk","compare-head","fsync",1,true,32,20000,2000,0.5000,10000,128,2,0.707704,20000,0,0,9954,10046,0,28260.41,1101544,966516,2642299,4085406,103.15,11844,4027512,4027425,263,263,111,255,50.5
1791100068016,"a5c431bf1f6be41389d7f8e8a360f3a8c30004da","release","linux","x86_64","6.17.0-1022-azure","ext4","ci-runner-disk","compare-head","fsync",1,true,32,20000,2000,0.1000,10000,128,2,0.919805,20000,0,0,1994,18006,0,21743.74,1446216,1439661,2377744,3749979,100.02,13912,5532770,5532683,221,221,132,259,50.3
1791100088504,"a5c431bf1f6be41389d7f8e8a360f3a8c30004da","release","linux","x86_64","6.17.0-1022-azure","ext4","ci-runner-disk","compare-head","fsync",1,true,32,20000,2000,0.9000,10000,128,3,0.452353,20000,0,0,17889,2111,0,44213.29,681486,395079,3137976,4659982,112.74,9552,2519863,2519776,221,221,66,283,0.1
1791100101110,"a5c431bf1f6be41389d7f8e8a360f3a8c30004da","release","linux","x86_64","6.17.0-1022-azure","ext4","ci-runner-disk","compare-head","fsync",1,true,32,20000,2000,0.5000,10000,128,3,0.671435,20000,0,0,10065,9935,0,29786.95,1061254,901384,2507768,3585655,105.74,11760,4009132,4009045,221,221,132,264,50.3
1791100116836,"a5c431bf1f6be41389d7f8e8a360f3a8c30004da","release","linux","x86_64","6.17.0-1022-azure","ext4","ci-runner-disk","compare-head","fsync",1,true,32,20000,2000,0.1000,10000,128,3,0.923327,20000,0,0,2292,17708,0,21660.80,1458536,1464578,2391170,4019544,98.56,13828,5485415,5485328,263,263,156,258,50.5
