timestamp_ms,revision,build_mode,os,arch,kernel,filesystem,storage_medium,topology,durability,replicas_configured,replicas_caught_up,clients,operations_requested,warmup_requested,read_ratio,keys,value_bytes,seed,elapsed_seconds,successful_ops,failed_ops,skipped_ops,read_ops,write_ops,read_misses,ops_per_second,avg_latency_ns,p50_latency_ns,p95_latency_ns,p99_latency_ns,server_cpu_percent,server_peak_rss_kib,data_bytes,wal_bytes,server_read_p99_us,server_read_lock_wait_p99_us,server_write_lock_hold_p99_us,server_wal_sync_avg_us
1791098414615,"30bcfebdf09737f83848447088ad0db1da57024e","release","linux","x86_64","6.17.0-1022-azure","ext4","ci-runner-disk","compare-head","fsync",0,true,32,20000,2000,0.9000,10000,128,1,0.316979,20000,0,0,17862,2138,0,63095.65,487235,287605,2100079,3233872,119.88,9560,2532390,2532303,186,186,47,272
1791098423804,"30bcfebdf09737f83848447088ad0db1da57024e","release","linux","x86_64","6.17.0-1022-azure","ext4","ci-runner-disk","compare-head","fsync",0,true,32,20000,2000,0.5000,10000,128,1,0.449382,20000,0,0,10380,9620,0,44505.60,704193,348033,1579020,2003006,106.81,11684,3969442,3969355,93,93,93,381
1791098431836,"30bcfebdf09737f83848447088ad0db1da57024e","release","linux","x86_64","6.17.0-1022-azure","ext4","ci-runner-disk","compare-head","fsync",0,true,32,20000,2000,0.1000,10000,128,1,0.616465,20000,0,0,1965,18035,0,32443.05,972321,1000627,1346903,1756843,98.95,13964,5558766,5558679,132,132,93,222
1791098436017,"30bcfebdf09737f83848447088ad0db1da57024e","release","linux","x86_64","6.17.0-1022-azure","ext4","ci-runner-disk","compare-head","fsync",0,true,32,20000,2000,0.9000,10000,128,2,0.353003,20000,0,0,18293,1707,0,56656.75,550785,285101,2247346,3345507,99.15,9396,2455005,2454918,111,111,47,319
1791098444942,"30bcfebdf09737f83848447088ad0db1da57024e","release","linux","x86_64","6.17.0-1022-azure","ext4","ci-runner-disk","compare-head","fsync",0,true,32,20000,2000,0.5000,10000,128,2,0.591601,20000,0,0,9954,10046,0,33806.56,914437,636179,1639169,8721191,82.83,11760,4027672,4027585,156,156,93,280
1791098454602,"30bcfebdf09737f83848447088ad0db1da57024e","release","linux","x86_64","6.17.0-1022-azure","ext4","ci-runner-disk","compare-head","fsync",0,true,32,20000,2000,0.1000,10000,128,2,0.790247,20000,0,0,1994,18006,0,25308.54,1250155,1018088,1422930,2196281,78.46,14024,5532450,5532363,156,156,132,270
1791098465176,"30bcfebdf09737f83848447088ad0db1da57024e","release","linux","x86_64","6.17.0-1022-azure","ext4","ci-runner-disk","compare-head","fsync",0,true,32,20000,2000,0.9000,10000,128,3,0.314734,20000,0,0,17889,2111,0,63545.62,466463,286342,2087442,2762740,114.38,9552,2519743,2519656,186,186,47,228
1791098473375,"30bcfebdf09737f83848447088ad0db1da57024e","release","linux","x86_64","6.17.0-1022-azure","ext4","ci-runner-disk","compare-head","fsync",0,true,32,20000,2000,0.5000,10000,128,3,0.555225,20000,0,0,10065,9935,0,36021.46,878438,444316,1629255,8085543,86.45,11752,4009052,4008965,111,111,93,255
1791098485942,"30bcfebdf09737f83848447088ad0db1da57024e","release","linux","x86_64","6.17.0-1022-azure","ext4","ci-runner-disk","compare-head","fsync",0,true,32,20000,2000,0.1000,10000,128,3,0.823032,20000,0,0,2292,17708,0,24300.38,1303821,1019144,1468422,6658507,75.33,13836,5486295,5486208,132,132,111,378
1791098489530,"30bcfebdf09737f83848447088ad0db1da57024e","release","linux","x86_64","6.17.0-1022-azure","ext4","ci-runner-disk","compare-head","fsync",0,true,32,20000,2000,0.9000,10000,128,4,0.435424,20000,0,0,18062,1938,0,45932.22,679594,264731,2369478,3406578,80.38,9508,2477438,2477351,132,132,47,260
1791098498299,"30bcfebdf09737f83848447088ad0db1da57024e","release","linux","x86_64","6.17.0-1022-azure","ext4","ci-runner-disk","compare-head","fsync",0,true,32,20000,2000,0.5000,10000,128,4,0.648951,20000,0,0,10194,9806,0,30818.96,1021318,378038,1562186,2715497,73.97,11700,3972516,3972429,111,111,93,333
1791098510131,"30bcfebdf09737f83848447088ad0db1da57024e","release","linux","x86_64","6.17.0-1022-azure","ext4","ci-runner-disk","compare-head","fsync",0,true,32,20000,2000,0.1000,10000,128,4,0.966310,20000,0,0,2109,17891,0,20697.28,1538265,1018224,1374069,2513611,65.20,13904,5510708,5510621,111,111,93,525
1791098524057,"30bcfebdf09737f83848447088ad0db1da57024e","release","linux","x86_64","6.17.0-1022-azure","ext4","ci-runner-disk","compare-head","fsync",0,true,32,20000,2000,0.9000,10000,128,5,1.491865,20000,0,0,17988,2012,0,13406.04,2341957,268225,2214598,3585131,23.46,9476,2506598,2506511,132,132,56,522
1791098532222,"30bcfebdf09737f83848447088ad0db1da57024e","release","linux","x86_64","6.17.0-1022-azure","ext4","ci-runner-disk","compare-head","fsync",0,true,32,20000,2000,0.5000,10000,128,5,0.478738,20000,0,0,10331,9669,0,41776.47,748257,410166,1740939,2615329,100.26,11620,3950850,3950763,111,111,93,247
1791098539117,"30bcfebdf09737f83848447088ad0db1da57024e","release","linux","x86_64","6.17.0-1022-azure","ext4","ci-runner-disk","compare-head","fsync",0,true,32,20000,2000,0.1000,10000,128,5,0.598262,20000,0,0,1890,18110,0,33430.17,934614,990662,1299478,1514686,100.29,13872,5544486,5544399,78,78,93,204
