timestamp_ms,revision,build_mode,os,arch,kernel,filesystem,storage_medium,topology,durability,replicas_configured,replicas_caught_up,clients,operations_requested,warmup_requested,read_ratio,keys,value_bytes,seed,elapsed_seconds,successful_ops,failed_ops,skipped_ops,read_ops,write_ops,read_misses,ops_per_second,avg_latency_ns,p50_latency_ns,p95_latency_ns,p99_latency_ns,server_cpu_percent,server_peak_rss_kib,data_bytes,wal_bytes
1790832684170,"41a2a69851f5839467a7658b2784df39dc888f71","release","linux","x86_64","6.17.0-1022-azure","ext4","ci-runner-disk","one-primary","fsync",0,true,32,20000,2000,0.9000,10000,128,1,0.449169,20000,0,0,17862,2138,0,44526.68,703137,490054,2354209,3131226,113.54,8800,2535030,2534943
1790832687318,"41a2a69851f5839467a7658b2784df39dc888f71","release","linux","x86_64","6.17.0-1022-azure","ext4","ci-runner-disk","one-primary","fsync",0,true,32,20000,2000,0.9000,10000,128,2,0.453042,20000,0,0,18293,1707,0,44145.98,706795,531986,2197510,2959828,114.78,11768,4995484,4995397
1790832690477,"41a2a69851f5839467a7658b2784df39dc888f71","release","linux","x86_64","6.17.0-1022-azure","ext4","ci-runner-disk","one-primary","fsync",0,true,32,20000,2000,0.9000,10000,128,3,0.463652,20000,0,0,17889,2111,0,43135.76,708467,523084,2187816,2980858,114.31,14796,7520196,7520109
1790832693740,"41a2a69851f5839467a7658b2784df39dc888f71","release","linux","x86_64","6.17.0-1022-azure","ext4","ci-runner-disk","one-primary","fsync",0,true,32,20000,2000,0.5000,10000,128,1,0.588628,20000,0,0,10380,9620,0,33977.30,915947,882638,1906036,2204612,113.82,19940,11495087,11495000
1790832697030,"41a2a69851f5839467a7658b2784df39dc888f71","release","linux","x86_64","6.17.0-1022-azure","ext4","ci-runner-disk","one-primary","fsync",0,true,32,20000,2000,0.5000,10000,128,2,0.585536,20000,0,0,9954,10046,0,34156.72,912303,959509,1865477,2136108,112.72,26780,15525448,15525361
1790832700304,"41a2a69851f5839467a7658b2784df39dc888f71","release","linux","x86_64","6.17.0-1022-azure","ext4","ci-runner-disk","one-primary","fsync",0,true,32,20000,2000,0.5000,10000,128,3,0.594795,20000,0,0,10065,9935,0,33625.02,922814,940530,1907770,2184989,112.64,30440,19539229,19539142
1790832703652,"41a2a69851f5839467a7658b2784df39dc888f71","release","linux","x86_64","6.17.0-1022-azure","ext4","ci-runner-disk","one-primary","fsync",0,true,32,20000,2000,0.1000,10000,128,1,0.718189,20000,0,0,1965,18035,0,27847.84,1136905,1186746,1568540,1767936,111.39,37560,25100244,25100157
1790832707091,"41a2a69851f5839467a7658b2784df39dc888f71","release","linux","x86_64","6.17.0-1022-azure","ext4","ci-runner-disk","one-primary","fsync",0,true,32,20000,2000,0.1000,10000,128,2,0.721451,20000,0,0,1994,18006,0,27721.90,1133288,1189328,1564253,1760133,109.50,44888,30632703,30632616
1790832710520,"41a2a69851f5839467a7658b2784df39dc888f71","release","linux","x86_64","6.17.0-1022-azure","ext4","ci-runner-disk","one-primary","fsync",0,true,32,20000,2000,0.1000,10000,128,3,0.709769,20000,0,0,2292,17708,0,28178.18,1115561,1176548,1564200,1823414,109.89,52036,36119607,36119520
1790832711787,"41a2a69851f5839467a7658b2784df39dc888f71","release","linux","x86_64","6.17.0-1022-azure","ext4","ci-runner-disk","one-primary-os","os",0,true,32,20000,2000,0.9000,10000,128,1,0.374665,20000,0,0,17862,2138,0,53380.98,577403,476814,1628065,2534994,117.44,8792,2537670,2537583
1790832713023,"41a2a69851f5839467a7658b2784df39dc888f71","release","linux","x86_64","6.17.0-1022-azure","ext4","ci-runner-disk","one-primary-os","os",0,true,32,20000,2000,0.9000,10000,128,2,0.364281,20000,0,0,18293,1707,0,54902.61,566758,496433,1349735,2514507,118.04,11772,5000684,5000597
1790832714266,"41a2a69851f5839467a7658b2784df39dc888f71","release","linux","x86_64","6.17.0-1022-azure","ext4","ci-runner-disk","one-primary-os","os",0,true,32,20000,2000,0.9000,10000,128,3,0.373055,20000,0,0,17889,2111,0,53611.41,572438,486930,1467099,2326650,117.95,14736,7524396,7524309
1790832715581,"41a2a69851f5839467a7658b2784df39dc888f71","release","linux","x86_64","6.17.0-1022-azure","ext4","ci-runner-disk","one-primary-os","os",0,true,32,20000,2000,0.5000,10000,128,1,0.443077,20000,0,0,10380,9620,0,45138.89,679779,586006,1513408,1895793,124.13,19836,11508047,11507960
1790832716906,"41a2a69851f5839467a7658b2784df39dc888f71","release","linux","x86_64","6.17.0-1022-azure","ext4","ci-runner-disk","one-primary-os","os",0,true,32,20000,2000,0.5000,10000,128,2,0.443324,20000,0,0,9954,10046,0,45113.75,688176,608550,1498676,1900440,130.83,26616,15549408,15549321
1790832718227,"41a2a69851f5839467a7658b2784df39dc888f71","release","linux","x86_64","6.17.0-1022-azure","ext4","ci-runner-disk","one-primary-os","os",0,true,32,20000,2000,0.5000,10000,128,3,0.450517,20000,0,0,10065,9935,0,44393.48,688620,583773,1516603,2033447,128.74,30240,19584229,19584142
1790832719623,"41a2a69851f5839467a7658b2784df39dc888f71","release","linux","x86_64","6.17.0-1022-azure","ext4","ci-runner-disk","one-primary-os","os",0,true,32,20000,2000,0.1000,10000,128,1,0.513286,20000,0,0,1965,18035,0,38964.67,794543,800173,1312691,1935412,136.38,37336,25182484,25182397
1790832721016,"41a2a69851f5839467a7658b2784df39dc888f71","release","linux","x86_64","6.17.0-1022-azure","ext4","ci-runner-disk","one-primary-os","os",0,true,32,20000,2000,0.1000,10000,128,2,0.515631,20000,0,0,1994,18006,0,38787.43,798762,823688,1259162,1564593,135.76,44628,30745463,30745376
1790832722372,"41a2a69851f5839467a7658b2784df39dc888f71","release","linux","x86_64","6.17.0-1022-azure","ext4","ci-runner-disk","one-primary-os","os",0,true,32,20000,2000,0.1000,10000,128,3,0.522715,20000,0,0,2292,17708,0,38261.74,816880,839551,1317999,1930795,133.92,51812,36257567,36257480
1790832727082,"41a2a69851f5839467a7658b2784df39dc888f71","release","linux","x86_64","6.17.0-1022-azure","ext4","ci-runner-disk","primary-one-replica","fsync",1,true,32,20000,2000,0.9000,10000,128,1,0.482736,20000,0,0,17862,2138,0,41430.52,747614,519297,2523116,3491206,122.22,8876,2534510,2534423
1790832731640,"41a2a69851f5839467a7658b2784df39dc888f71","release","linux","x86_64","6.17.0-1022-azure","ext4","ci-runner-disk","primary-one-replica","fsync",1,true,32,20000,2000,0.9000,10000,128,2,0.474276,20000,0,0,18293,1707,0,42169.54,722361,491297,2501758,3926365,120.18,11888,4994004,4993917
1790832736334,"41a2a69851f5839467a7658b2784df39dc888f71","release","linux","x86_64","6.17.0-1022-azure","ext4","ci-runner-disk","primary-one-replica","fsync",1,true,32,20000,2000,0.9000,10000,128,3,0.491618,20000,0,0,17889,2111,0,40682.03,748306,528922,2376223,3250155,122.05,14972,7517156,7517069
1790832743125,"41a2a69851f5839467a7658b2784df39dc888f71","release","linux","x86_64","6.17.0-1022-azure","ext4","ci-runner-disk","primary-one-replica","fsync",1,true,32,20000,2000,0.5000,10000,128,1,0.637603,20000,0,0,10380,9620,0,31367.50,989697,924286,2084372,2440157,156.84,20080,11493287,11493200
1790832750016,"41a2a69851f5839467a7658b2784df39dc888f71","release","linux","x86_64","6.17.0-1022-azure","ext4","ci-runner-disk","primary-one-replica","fsync",1,true,32,20000,2000,0.5000,10000,128,2,0.640379,20000,0,0,9954,10046,0,31231.52,1000500,1024514,2038503,2354831,159.28,26980,15526008,15525921
1790832756863,"41a2a69851f5839467a7658b2784df39dc888f71","release","linux","x86_64","6.17.0-1022-azure","ext4","ci-runner-disk","primary-one-replica","fsync",1,true,32,20000,2000,0.5000,10000,128,3,0.639966,20000,0,0,10065,9935,0,31251.64,1008963,1014599,2073885,2412044,159.38,30692,19539869,19539782
1790832765993,"41a2a69851f5839467a7658b2784df39dc888f71","release","linux","x86_64","6.17.0-1022-azure","ext4","ci-runner-disk","primary-one-replica","fsync",1,true,32,20000,2000,0.1000,10000,128,1,0.791285,20000,0,0,1965,18035,0,25275.34,1251638,1298900,1785700,2071492,179.45,37732,25100364,25100277
1790832775067,"41a2a69851f5839467a7658b2784df39dc888f71","release","linux","x86_64","6.17.0-1022-azure","ext4","ci-runner-disk","primary-one-replica","fsync",1,true,32,20000,2000,0.1000,10000,128,2,0.803010,20000,0,0,1994,18006,0,24906.30,1264932,1325449,1767611,2037341,175.59,45044,30633063,30632976
1790832784087,"41a2a69851f5839467a7658b2784df39dc888f71","release","linux","x86_64","6.17.0-1022-azure","ext4","ci-runner-disk","primary-one-replica","fsync",1,true,32,20000,2000,0.1000,10000,128,3,0.791905,20000,0,0,2292,17708,0,25255.55,1250232,1314613,1788954,2048718,176.79,52120,36122647,36122560
1790832790479,"41a2a69851f5839467a7658b2784df39dc888f71","release","linux","x86_64","6.17.0-1022-azure","ext4","ci-runner-disk","primary-two-replicas","fsync",2,true,32,20000,2000,0.9000,10000,128,1,0.516375,20000,0,0,17862,2138,0,38731.52,787513,533889,2688403,3731545,129.75,8888,2535190,2535103
1790832796609,"41a2a69851f5839467a7658b2784df39dc888f71","release","linux","x86_64","6.17.0-1022-azure","ext4","ci-runner-disk","primary-two-replicas","fsync",2,true,32,20000,2000,0.9000,10000,128,2,0.504325,20000,0,0,18293,1707,0,39656.99,764929,574048,2236105,3357522,128.89,11812,4998604,4998517
1790832802883,"41a2a69851f5839467a7658b2784df39dc888f71","release","linux","x86_64","6.17.0-1022-azure","ext4","ci-runner-disk","primary-two-replicas","fsync",2,true,32,20000,2000,0.9000,10000,128,3,0.516622,20000,0,0,17889,2111,0,38713.05,786155,515342,2640182,3694100,129.69,14816,7520276,7520189
1790832812320,"41a2a69851f5839467a7658b2784df39dc888f71","release","linux","x86_64","6.17.0-1022-azure","ext4","ci-runner-disk","primary-two-replicas","fsync",2,true,32,20000,2000,0.5000,10000,128,1,0.684987,20000,0,0,10380,9620,0,29197.62,1076936,1009532,2246961,2606181,195.62,19932,11494407,11494320
1790832821831,"41a2a69851f5839467a7658b2784df39dc888f71","release","linux","x86_64","6.17.0-1022-azure","ext4","ci-runner-disk","primary-two-replicas","fsync",2,true,32,20000,2000,0.5000,10000,128,2,0.689474,20000,0,0,9954,10046,0,29007.62,1061701,1063032,2177108,2616537,195.80,26728,15528808,15528721
1790832831323,"41a2a69851f5839467a7658b2784df39dc888f71","release","linux","x86_64","6.17.0-1022-azure","ext4","ci-runner-disk","primary-two-replicas","fsync",2,true,32,20000,2000,0.5000,10000,128,3,0.693538,20000,0,0,10065,9935,0,28837.63,1089427,1068980,2286790,2830954,194.65,30392,19542669,19542582
1790832844172,"41a2a69851f5839467a7658b2784df39dc888f71","release","linux","x86_64","6.17.0-1022-azure","ext4","ci-runner-disk","primary-two-replicas","fsync",2,true,32,20000,2000,0.1000,10000,128,1,0.856543,20000,0,0,1965,18035,0,23349.67,1349609,1402472,1945535,2239680,238.17,37480,25105124,25105037
1790832857019,"41a2a69851f5839467a7658b2784df39dc888f71","release","linux","x86_64","6.17.0-1022-azure","ext4","ci-runner-disk","primary-two-replicas","fsync",2,true,32,20000,2000,0.1000,10000,128,2,0.878204,20000,0,0,1994,18006,0,22773.74,1377985,1430493,1987736,2330884,230.01,45848,30639223,30639136
1790832869679,"41a2a69851f5839467a7658b2784df39dc888f71","release","linux","x86_64","6.17.0-1022-azure","ext4","ci-runner-disk","primary-two-replicas","fsync",2,true,32,20000,2000,0.1000,10000,128,3,0.830963,20000,0,0,2292,17708,0,24068.45,1294868,1351187,1905556,2184779,241.89,52968,36129647,36129560
